sensor_id,temperature,timestamp
SENSOR_3,91.92,2026-05-04T17:50:13.704336
SENSOR_2,31.15,2026-05-04T17:50:43.704336
SENSOR_8,78.84,2026-05-04T17:51:13.704336
SENSOR_9,73.15,2026-05-04T17:51:43.704336
SENSOR_9,82.89,2026-05-04T17:52:13.704336
SENSOR_10,96.36,2026-05-04T17:52:43.704336
SENSOR_7,47.79,2026-05-04T17:53:13.704336
SENSOR_5,59.47,2026-05-04T17:53:43.704336
SENSOR_4,35.49,2026-05-04T17:54:13.704336
SENSOR_4,34.78,2026-05-04T17:54:43.704336
SENSOR_8,28.46,2026-05-04T17:55:13.704336
SENSOR_7,75.79,2026-05-04T17:55:43.704336
SENSOR_4,38.94,2026-05-04T17:56:13.704336
SENSOR_1,93.21,2026-05-04T17:56:43.704336
SENSOR_8,22.14,2026-05-04T17:57:13.704336
SENSOR_7,25.26,2026-05-04T17:57:43.704336
SENSOR_2,92.28,2026-05-04T17:58:13.704336
SENSOR_1,94.92,2026-05-04T17:58:43.704336
SENSOR_10,42.49,2026-05-04T17:59:13.704336
SENSOR_10,59.88,2026-05-04T17:59:43.704336
SENSOR_2,24.37,2026-05-04T18:00:13.704336
SENSOR_9,86.16,2026-05-04T18:00:43.704336
SENSOR_2,83.5,2026-05-04T18:01:13.704336
SENSOR_3,60.63,2026-05-04T18:01:43.704336
SENSOR_3,96.49,2026-05-04T18:02:13.704336
SENSOR_4,53.07,2026-05-04T18:02:43.704336
SENSOR_4,66.52,2026-05-04T18:03:13.704336
SENSOR_1,99.09,2026-05-04T18:03:43.704336
SENSOR_2,41.47,2026-05-04T18:04:13.704336
SENSOR_1,41.9,2026-05-04T18:04:43.704336
SENSOR_2,75.51,2026-05-04T18:05:13.704336
SENSOR_8,59.14,2026-05-04T18:05:43.704336
SENSOR_9,20.76,2026-05-04T18:06:13.704336
SENSOR_8,74.26,2026-05-04T18:06:43.704336
SENSOR_5,92.22,2026-05-04T18:07:13.704336
SENSOR_1,86.2,2026-05-04T18:07:43.704336
SENSOR_10,82.11,2026-05-04T18:08:13.704336
SENSOR_2,88.38,2026-05-04T18:08:43.704336
SENSOR_6,43.51,2026-05-04T18:09:13.704336
SENSOR_9,72.4,2026-05-04T18:09:43.704336
SENSOR_2,65.99,2026-05-04T18:10:13.704336
SENSOR_1,90.81,2026-05-04T18:10:43.704336
SENSOR_4,58.88,2026-05-04T18:11:13.704336
SENSOR_9,94.77,2026-05-04T18:11:43.704336
SENSOR_6,93.6,2026-05-04T18:12:13.704336
SENSOR_5,55.52,2026-05-04T18:12:43.704336
SENSOR_3,28.52,2026-05-04T18:13:13.704336
SENSOR_1,78.62,2026-05-04T18:13:43.704336
SENSOR_5,62.24,2026-05-04T18:14:13.704336
SENSOR_7,31.8,2026-05-04T18:14:43.704336
SENSOR_5,36.79,2026-05-04T18:15:13.704336
SENSOR_5,33.85,2026-05-04T18:15:43.704336
SENSOR_5,83.39,2026-05-04T18:16:13.704336
SENSOR_8,99.43,2026-05-04T18:16:43.704336
SENSOR_6,79.71,2026-05-04T18:17:13.704336
SENSOR_5,34.93,2026-05-04T18:17:43.704336
SENSOR_3,39.74,2026-05-04T18:18:13.704336
SENSOR_1,22.99,2026-05-04T18:18:43.704336
SENSOR_10,54.09,2026-05-04T18:19:13.704336
SENSOR_7,64.56,2026-05-04T18:19:43.704336
SENSOR_4,50.98,2026-05-04T18:20:13.704336
SENSOR_10,72.61,2026-05-04T18:20:43.704336
SENSOR_6,43.32,2026-05-04T18:21:13.704336
SENSOR_5,34.27,2026-05-04T18:21:43.704336
SENSOR_8,68.37,2026-05-04T18:22:13.704336
SENSOR_2,75.08,2026-05-04T18:22:43.704336
SENSOR_9,99.17,2026-05-04T18:23:13.704336
SENSOR_8,64.56,2026-05-04T18:23:43.704336
SENSOR_1,48.03,2026-05-04T18:24:13.704336
SENSOR_1,32.95,2026-05-04T18:24:43.704336
SENSOR_7,56.03,2026-05-04T18:25:13.704336
SENSOR_10,36.21,2026-05-04T18:25:43.704336
SENSOR_4,44.81,2026-05-04T18:26:13.704336
SENSOR_1,91.05,2026-05-04T18:26:43.704336
SENSOR_9,76.08,2026-05-04T18:27:13.704336
SENSOR_6,32.12,2026-05-04T18:27:43.704336
SENSOR_1,91.61,2026-05-04T18:28:13.704336
SENSOR_8,23.72,2026-05-04T18:28:43.704336
SENSOR_7,80.55,2026-05-04T18:29:13.704336
SENSOR_6,79.17,2026-05-04T18:29:43.704336
SENSOR_7,47.64,2026-05-04T18:30:13.704336
SENSOR_2,93.97,2026-05-04T18:30:43.704336
SENSOR_7,29.42,2026-05-04T18:31:13.704336
SENSOR_1,30.97,2026-05-04T18:31:43.704336
SENSOR_7,32.64,2026-05-04T18:32:13.704336
SENSOR_4,86.2,2026-05-04T18:32:43.704336
SENSOR_2,57.93,2026-05-04T18:33:13.704336
SENSOR_6,53.95,2026-05-04T18:33:43.704336
SENSOR_6,23.69,2026-05-04T18:34:13.704336
SENSOR_2,54.44,2026-05-04T18:34:43.704336
SENSOR_6,88.6,2026-05-04T18:35:13.704336
SENSOR_10,48.01,2026-05-04T18:35:43.704336
SENSOR_6,57.48,2026-05-04T18:36:13.704336
SENSOR_5,56.81,2026-05-04T18:36:43.704336
SENSOR_1,39.77,2026-05-04T18:37:13.704336
SENSOR_7,24.91,2026-05-04T18:37:43.704336
SENSOR_2,47.17,2026-05-04T18:38:13.704336
SENSOR_1,90.1,2026-05-04T18:38:43.704336
SENSOR_9,96.24,2026-05-04T18:39:13.704336
SENSOR_10,65.32,2026-05-04T18:39:43.704336
SENSOR_10,63.26,2026-05-04T18:40:13.704336
SENSOR_10,65.34,2026-05-04T18:40:43.704336
SENSOR_8,72.11,2026-05-04T18:41:13.704336
SENSOR_2,84.78,2026-05-04T18:41:43.704336
SENSOR_7,56.2,2026-05-04T18:42:13.704336
SENSOR_3,20.26,2026-05-04T18:42:43.704336
SENSOR_1,68.31,2026-05-04T18:43:13.704336
SENSOR_4,22.1,2026-05-04T18:43:43.704336
SENSOR_5,31.74,2026-05-04T18:44:13.704336
SENSOR_4,97.28,2026-05-04T18:44:43.704336
SENSOR_9,52.51,2026-05-04T18:45:13.704336
SENSOR_4,35.06,2026-05-04T18:45:43.704336
SENSOR_4,29.03,2026-05-04T18:46:13.704336
SENSOR_4,22.49,2026-05-04T18:46:43.704336
SENSOR_10,27.12,2026-05-04T18:47:13.704336
SENSOR_1,83.95,2026-05-04T18:47:43.704336
SENSOR_9,34.4,2026-05-04T18:48:13.704336
SENSOR_9,39.34,2026-05-04T18:48:43.704336
SENSOR_9,20.88,2026-05-04T18:49:13.704336
SENSOR_10,72.89,2026-05-04T18:49:43.704336
SENSOR_10,38.75,2026-05-04T18:50:13.704336
SENSOR_7,70.33,2026-05-04T18:50:43.704336
SENSOR_1,36.29,2026-05-04T18:51:13.704336
SENSOR_5,42.31,2026-05-04T18:51:43.704336
SENSOR_6,62.55,2026-05-04T18:52:13.704336
SENSOR_7,89.75,2026-05-04T18:52:43.704336
SENSOR_5,28.02,2026-05-04T18:53:13.704336
SENSOR_2,93.07,2026-05-04T18:53:43.704336
SENSOR_9,89.13,2026-05-04T18:54:13.704336
SENSOR_6,94.42,2026-05-04T18:54:43.704336
SENSOR_2,95.2,2026-05-04T18:55:13.704336
SENSOR_8,24.38,2026-05-04T18:55:43.704336
SENSOR_1,89.47,2026-05-04T18:56:13.704336
SENSOR_3,50.78,2026-05-04T18:56:43.704336
SENSOR_1,93.63,2026-05-04T18:57:13.704336
SENSOR_10,68.52,2026-05-04T18:57:43.704336
SENSOR_2,91.84,2026-05-04T18:58:13.704336
SENSOR_2,57.87,2026-05-04T18:58:43.704336
SENSOR_9,92.08,2026-05-04T18:59:13.704336
SENSOR_6,96.5,2026-05-04T18:59:43.704336
SENSOR_10,69.8,2026-05-04T19:00:13.704336
SENSOR_3,45.62,2026-05-04T19:00:43.704336
SENSOR_2,25.77,2026-05-04T19:01:13.704336
SENSOR_10,50.12,2026-05-04T19:01:43.704336
SENSOR_8,90.39,2026-05-04T19:02:13.704336
SENSOR_3,21.45,2026-05-04T19:02:43.704336
SENSOR_4,31.12,2026-05-04T19:03:13.704336
SENSOR_9,78.93,2026-05-04T19:03:43.704336
SENSOR_5,93.26,2026-05-04T19:04:13.704336
SENSOR_5,73.73,2026-05-04T19:04:43.704336
SENSOR_6,31.27,2026-05-04T19:05:13.704336
SENSOR_9,92.32,2026-05-04T19:05:43.704336
SENSOR_2,72.75,2026-05-04T19:06:13.704336
SENSOR_7,22.35,2026-05-04T19:06:43.704336
SENSOR_7,55.78,2026-05-04T19:07:13.704336
SENSOR_10,74.92,2026-05-04T19:07:43.704336
SENSOR_1,49.79,2026-05-04T19:08:13.704336
SENSOR_1,31.98,2026-05-04T19:08:43.704336
SENSOR_4,49.93,2026-05-04T19:09:13.704336
SENSOR_4,31.34,2026-05-04T19:09:43.704336
SENSOR_10,78.99,2026-05-04T19:10:13.704336
SENSOR_5,60.17,2026-05-04T19:10:43.704336
SENSOR_1,71.72,2026-05-04T19:11:13.704336
SENSOR_1,91.23,2026-05-04T19:11:43.704336
SENSOR_8,54.31,2026-05-04T19:12:13.704336
SENSOR_7,62.03,2026-05-04T19:12:43.704336
SENSOR_8,77.76,2026-05-04T19:13:13.704336
SENSOR_3,74.56,2026-05-04T19:13:43.704336
SENSOR_2,42.63,2026-05-04T19:14:13.704336
SENSOR_9,70.04,2026-05-04T19:14:43.704336
SENSOR_10,94.81,2026-05-04T19:15:13.704336
SENSOR_3,90.35,2026-05-04T19:15:43.704336
SENSOR_10,45.96,2026-05-04T19:16:13.704336
SENSOR_5,47.0,2026-05-04T19:16:43.704336
SENSOR_5,90.44,2026-05-04T19:17:13.704336
SENSOR_3,33.59,2026-05-04T19:17:43.704336
SENSOR_6,35.62,2026-05-04T19:18:13.704336
SENSOR_10,23.17,2026-05-04T19:18:43.704336
SENSOR_4,94.18,2026-05-04T19:19:13.704336
SENSOR_1,43.66,2026-05-04T19:19:43.704336
SENSOR_3,26.79,2026-05-04T19:20:13.704336
SENSOR_2,68.08,2026-05-04T19:20:43.704336
SENSOR_3,32.14,2026-05-04T19:21:13.704336
SENSOR_10,57.46,2026-05-04T19:21:43.704336
SENSOR_2,37.2,2026-05-04T19:22:13.704336
SENSOR_6,70.61,2026-05-04T19:22:43.704336
SENSOR_10,29.64,2026-05-04T19:23:13.704336
SENSOR_4,40.53,2026-05-04T19:23:43.704336
SENSOR_2,65.21,2026-05-04T19:24:13.704336
SENSOR_10,26.41,2026-05-04T19:24:43.704336
SENSOR_10,73.78,2026-05-04T19:25:13.704336
SENSOR_10,91.59,2026-05-04T19:25:43.704336
SENSOR_2,31.41,2026-05-04T19:26:13.704336
SENSOR_3,40.68,2026-05-04T19:26:43.704336
SENSOR_3,65.96,2026-05-04T19:27:13.704336
SENSOR_5,21.62,2026-05-04T19:27:43.704336
SENSOR_2,38.35,2026-05-04T19:28:13.704336
SENSOR_9,49.53,2026-05-04T19:28:43.704336
SENSOR_1,30.78,2026-05-04T19:29:13.704336
SENSOR_10,56.76,2026-05-04T19:29:43.704336
SENSOR_9,59.07,2026-05-04T19:30:13.704336
SENSOR_2,46.87,2026-05-04T19:30:43.704336
SENSOR_3,90.88,2026-05-04T19:31:13.704336
SENSOR_7,83.73,2026-05-04T19:31:43.704336
SENSOR_6,33.2,2026-05-04T19:32:13.704336
SENSOR_3,84.08,2026-05-04T19:32:43.704336
SENSOR_1,54.25,2026-05-04T19:33:13.704336
SENSOR_4,47.32,2026-05-04T19:33:43.704336
SENSOR_2,62.11,2026-05-04T19:34:13.704336
SENSOR_8,52.53,2026-05-04T19:34:43.704336
SENSOR_9,95.33,2026-05-04T19:35:13.704336
SENSOR_9,30.86,2026-05-04T19:35:43.704336
SENSOR_10,65.94,2026-05-04T19:36:13.704336
SENSOR_4,47.99,2026-05-04T19:36:43.704336
SENSOR_4,74.92,2026-05-04T19:37:13.704336
SENSOR_7,30.08,2026-05-04T19:37:43.704336
SENSOR_5,23.56,2026-05-04T19:38:13.704336
SENSOR_4,34.02,2026-05-04T19:38:43.704336
SENSOR_9,40.12,2026-05-04T19:39:13.704336
SENSOR_2,21.84,2026-05-04T19:39:43.704336
SENSOR_8,77.68,2026-05-04T19:40:13.704336
SENSOR_6,47.92,2026-05-04T19:40:43.704336
SENSOR_6,37.54,2026-05-04T19:41:13.704336
SENSOR_10,81.21,2026-05-04T19:41:43.704336
SENSOR_1,30.22,2026-05-04T19:42:13.704336
SENSOR_4,52.58,2026-05-04T19:42:43.704336
SENSOR_8,67.31,2026-05-04T19:43:13.704336
SENSOR_1,82.17,2026-05-04T19:43:43.704336
SENSOR_9,94.02,2026-05-04T19:44:13.704336
SENSOR_4,32.62,2026-05-04T19:44:43.704336
SENSOR_5,82.91,2026-05-04T19:45:13.704336
SENSOR_2,38.73,2026-05-04T19:45:43.704336
SENSOR_9,93.63,2026-05-04T19:46:13.704336
SENSOR_4,61.91,2026-05-04T19:46:43.704336
SENSOR_8,26.91,2026-05-04T19:47:13.704336
SENSOR_2,67.43,2026-05-04T19:47:43.704336
SENSOR_10,41.4,2026-05-04T19:48:13.704336
SENSOR_4,91.58,2026-05-04T19:48:43.704336
SENSOR_4,52.49,2026-05-04T19:49:13.704336
SENSOR_7,30.38,2026-05-04T19:49:43.704336
SENSOR_1,93.4,2026-05-04T19:50:13.704336
SENSOR_6,98.43,2026-05-04T19:50:43.704336
SENSOR_6,57.42,2026-05-04T19:51:13.704336
SENSOR_8,93.64,2026-05-04T19:51:43.704336
SENSOR_9,26.8,2026-05-04T19:52:13.704336
SENSOR_5,22.76,2026-05-04T19:52:43.704336
SENSOR_4,99.65,2026-05-04T19:53:13.704336
SENSOR_1,41.39,2026-05-04T19:53:43.704336
SENSOR_7,72.34,2026-05-04T19:54:13.704336
SENSOR_2,62.85,2026-05-04T19:54:43.704336
SENSOR_6,41.57,2026-05-04T19:55:13.704336
SENSOR_10,78.39,2026-05-04T19:55:43.704336
SENSOR_10,92.96,2026-05-04T19:56:13.704336
SENSOR_8,51.57,2026-05-04T19:56:43.704336
SENSOR_6,66.56,2026-05-04T19:57:13.704336
SENSOR_4,57.31,2026-05-04T19:57:43.704336
SENSOR_10,60.17,2026-05-04T19:58:13.704336
SENSOR_6,61.25,2026-05-04T19:58:43.704336
SENSOR_1,77.3,2026-05-04T19:59:13.704336
SENSOR_4,24.15,2026-05-04T19:59:43.704336
SENSOR_6,94.81,2026-05-04T20:00:13.704336
SENSOR_9,81.87,2026-05-04T20:00:43.704336
SENSOR_3,31.24,2026-05-04T20:01:13.704336
SENSOR_2,73.7,2026-05-04T20:01:43.704336
SENSOR_2,50.26,2026-05-04T20:02:13.704336
SENSOR_1,86.09,2026-05-04T20:02:43.704336
SENSOR_10,78.32,2026-05-04T20:03:13.704336
SENSOR_4,84.55,2026-05-04T20:03:43.704336
SENSOR_5,31.08,2026-05-04T20:04:13.704336
SENSOR_1,75.87,2026-05-04T20:04:43.704336
SENSOR_1,36.26,2026-05-04T20:05:13.704336
SENSOR_8,40.6,2026-05-04T20:05:43.704336
SENSOR_5,54.56,2026-05-04T20:06:13.704336
SENSOR_1,65.13,2026-05-04T20:06:43.704336
SENSOR_3,83.15,2026-05-04T20:07:13.704336
SENSOR_1,72.3,2026-05-04T20:07:43.704336
SENSOR_8,21.83,2026-05-04T20:08:13.704336
SENSOR_7,78.87,2026-05-04T20:08:43.704336
SENSOR_9,55.25,2026-05-04T20:09:13.704336
SENSOR_10,26.7,2026-05-04T20:09:43.704336
SENSOR_6,81.27,2026-05-04T20:10:13.704336
SENSOR_2,80.0,2026-05-04T20:10:43.704336
SENSOR_5,38.08,2026-05-04T20:11:13.704336
SENSOR_9,93.68,2026-05-04T20:11:43.704336
SENSOR_2,53.84,2026-05-04T20:12:13.704336
SENSOR_3,59.14,2026-05-04T20:12:43.704336
SENSOR_7,33.76,2026-05-04T20:13:13.704336
SENSOR_9,96.36,2026-05-04T20:13:43.704336
SENSOR_8,22.07,2026-05-04T20:14:13.704336
SENSOR_4,73.94,2026-05-04T20:14:43.704336
SENSOR_5,20.87,2026-05-04T20:15:13.704336
SENSOR_6,52.51,2026-05-04T20:15:43.704336
SENSOR_9,72.1,2026-05-04T20:16:13.704336
SENSOR_9,75.54,2026-05-04T20:16:43.704336
SENSOR_9,25.85,2026-05-04T20:17:13.704336
SENSOR_10,33.13,2026-05-04T20:17:43.704336
SENSOR_3,44.17,2026-05-04T20:18:13.704336
SENSOR_3,78.93,2026-05-04T20:18:43.704336
SENSOR_3,30.07,2026-05-04T20:19:13.704336
SENSOR_10,43.3,2026-05-04T20:19:43.704336
SENSOR_5,33.03,2026-05-04T20:20:13.704336
SENSOR_5,49.54,2026-05-04T20:20:43.704336
SENSOR_10,26.51,2026-05-04T20:21:13.704336
SENSOR_7,45.98,2026-05-04T20:21:43.704336
SENSOR_8,33.9,2026-05-04T20:22:13.704336
SENSOR_9,63.48,2026-05-04T20:22:43.704336
SENSOR_1,55.73,2026-05-04T20:23:13.704336
SENSOR_10,95.26,2026-05-04T20:23:43.704336
SENSOR_4,23.43,2026-05-04T20:24:13.704336
SENSOR_7,22.04,2026-05-04T20:24:43.704336
SENSOR_5,56.25,2026-05-04T20:25:13.704336
SENSOR_5,64.15,2026-05-04T20:25:43.704336
SENSOR_9,85.05,2026-05-04T20:26:13.704336
SENSOR_8,33.24,2026-05-04T20:26:43.704336
SENSOR_6,96.36,2026-05-04T20:27:13.704336
SENSOR_8,55.83,2026-05-04T20:27:43.704336
SENSOR_4,94.69,2026-05-04T20:28:13.704336
SENSOR_7,56.83,2026-05-04T20:28:43.704336
SENSOR_1,97.11,2026-05-04T20:29:13.704336
SENSOR_2,80.96,2026-05-04T20:29:43.704336
SENSOR_6,83.51,2026-05-04T20:30:13.704336
SENSOR_7,58.37,2026-05-04T20:30:43.704336
SENSOR_4,47.67,2026-05-04T20:31:13.704336
SENSOR_6,20.36,2026-05-04T20:31:43.704336
SENSOR_3,37.53,2026-05-04T20:32:13.704336
SENSOR_10,99.46,2026-05-04T20:32:43.704336
SENSOR_7,78.92,2026-05-04T20:33:13.704336
SENSOR_3,42.99,2026-05-04T20:33:43.704336
SENSOR_8,66.22,2026-05-04T20:34:13.704336
SENSOR_2,45.43,2026-05-04T20:34:43.704336
SENSOR_4,89.84,2026-05-04T20:35:13.704336
SENSOR_1,39.07,2026-05-04T20:35:43.704336
SENSOR_7,93.72,2026-05-04T20:36:13.704336
SENSOR_10,57.01,2026-05-04T20:36:43.704336
SENSOR_8,45.76,2026-05-04T20:37:13.704336
SENSOR_3,86.76,2026-05-04T20:37:43.704336
SENSOR_3,90.5,2026-05-04T20:38:13.704336
SENSOR_1,82.69,2026-05-04T20:38:43.704336
SENSOR_7,63.17,2026-05-04T20:39:13.704336
SENSOR_6,35.04,2026-05-04T20:39:43.704336
SENSOR_5,56.68,2026-05-04T20:40:13.704336
SENSOR_7,57.34,2026-05-04T20:40:43.704336
SENSOR_6,78.83,2026-05-04T20:41:13.704336
SENSOR_5,54.6,2026-05-04T20:41:43.704336
SENSOR_6,64.5,2026-05-04T20:42:13.704336
SENSOR_1,82.71,2026-05-04T20:42:43.704336
SENSOR_3,47.55,2026-05-04T20:43:13.704336
SENSOR_3,70.11,2026-05-04T20:43:43.704336
SENSOR_6,75.8,2026-05-04T20:44:13.704336
SENSOR_2,56.65,2026-05-04T20:44:43.704336
SENSOR_1,55.66,2026-05-04T20:45:13.704336
SENSOR_10,44.88,2026-05-04T20:45:43.704336
SENSOR_3,89.76,2026-05-04T20:46:13.704336
SENSOR_3,63.95,2026-05-04T20:46:43.704336
SENSOR_7,64.34,2026-05-04T20:47:13.704336
SENSOR_10,46.0,2026-05-04T20:47:43.704336
SENSOR_3,60.66,2026-05-04T20:48:13.704336
SENSOR_2,95.43,2026-05-04T20:48:43.704336
SENSOR_9,43.26,2026-05-04T20:49:13.704336
SENSOR_1,71.79,2026-05-04T20:49:43.704336
SENSOR_1,75.56,2026-05-04T20:50:13.704336
SENSOR_2,87.52,2026-05-04T20:50:43.704336
SENSOR_1,96.36,2026-05-04T20:51:13.704336
SENSOR_8,63.83,2026-05-04T20:51:43.704336
SENSOR_10,41.56,2026-05-04T20:52:13.704336
SENSOR_6,78.9,2026-05-04T20:52:43.704336
SENSOR_10,29.73,2026-05-04T20:53:13.704336
SENSOR_2,99.24,2026-05-04T20:53:43.704336
SENSOR_6,58.55,2026-05-04T20:54:13.704336
SENSOR_9,84.36,2026-05-04T20:54:43.704336
SENSOR_9,64.08,2026-05-04T20:55:13.704336
SENSOR_2,30.8,2026-05-04T20:55:43.704336
SENSOR_8,27.57,2026-05-04T20:56:13.704336
SENSOR_10,97.76,2026-05-04T20:56:43.704336
SENSOR_6,32.5,2026-05-04T20:57:13.704336
SENSOR_8,73.18,2026-05-04T20:57:43.704336
SENSOR_6,66.12,2026-05-04T20:58:13.704336
SENSOR_8,72.88,2026-05-04T20:58:43.704336
SENSOR_2,29.11,2026-05-04T20:59:13.704336
SENSOR_7,79.75,2026-05-04T20:59:43.704336
SENSOR_1,73.68,2026-05-04T21:00:13.704336
SENSOR_7,57.01,2026-05-04T21:00:43.704336
SENSOR_1,59.3,2026-05-04T21:01:13.704336
SENSOR_4,96.83,2026-05-04T21:01:43.704336
SENSOR_3,69.65,2026-05-04T21:02:13.704336
SENSOR_6,31.71,2026-05-04T21:02:43.704336
SENSOR_7,67.46,2026-05-04T21:03:13.704336
SENSOR_4,71.57,2026-05-04T21:03:43.704336
SENSOR_8,90.94,2026-05-04T21:04:13.704336
SENSOR_6,33.93,2026-05-04T21:04:43.704336
SENSOR_2,86.96,2026-05-04T21:05:13.704336
SENSOR_7,87.29,2026-05-04T21:05:43.704336
SENSOR_1,59.92,2026-05-04T21:06:13.704336
SENSOR_7,62.92,2026-05-04T21:06:43.704336
SENSOR_10,24.13,2026-05-04T21:07:13.704336
SENSOR_8,68.29,2026-05-04T21:07:43.704336
SENSOR_8,21.44,2026-05-04T21:08:13.704336
SENSOR_10,29.51,2026-05-04T21:08:43.704336
SENSOR_7,31.31,2026-05-04T21:09:13.704336
SENSOR_1,23.73,2026-05-04T21:09:43.704336
SENSOR_8,48.61,2026-05-04T21:10:13.704336
SENSOR_4,68.17,2026-05-04T21:10:43.704336
SENSOR_4,47.73,2026-05-04T21:11:13.704336
SENSOR_8,29.9,2026-05-04T21:11:43.704336
SENSOR_7,44.01,2026-05-04T21:12:13.704336
SENSOR_4,84.31,2026-05-04T21:12:43.704336
SENSOR_9,59.22,2026-05-04T21:13:13.704336
SENSOR_9,63.6,2026-05-04T21:13:43.704336
SENSOR_6,41.17,2026-05-04T21:14:13.704336
SENSOR_1,42.72,2026-05-04T21:14:43.704336
SENSOR_3,74.19,2026-05-04T21:15:13.704336
SENSOR_2,41.97,2026-05-04T21:15:43.704336
SENSOR_2,61.11,2026-05-04T21:16:13.704336
SENSOR_8,90.49,2026-05-04T21:16:43.704336
SENSOR_3,89.91,2026-05-04T21:17:13.704336
SENSOR_8,54.13,2026-05-04T21:17:43.704336
SENSOR_9,44.6,2026-05-04T21:18:13.704336
SENSOR_10,75.82,2026-05-04T21:18:43.704336
SENSOR_5,85.68,2026-05-04T21:19:13.704336
SENSOR_3,47.97,2026-05-04T21:19:43.704336
SENSOR_4,74.52,2026-05-04T21:20:13.704336
SENSOR_3,40.82,2026-05-04T21:20:43.704336
SENSOR_8,72.32,2026-05-04T21:21:13.704336
SENSOR_3,41.4,2026-05-04T21:21:43.704336
SENSOR_5,29.22,2026-05-04T21:22:13.704336
SENSOR_8,32.89,2026-05-04T21:22:43.704336
SENSOR_5,86.3,2026-05-04T21:23:13.704336
SENSOR_2,22.43,2026-05-04T21:23:43.704336
SENSOR_3,54.92,2026-05-04T21:24:13.704336
SENSOR_9,58.66,2026-05-04T21:24:43.704336
SENSOR_7,58.52,2026-05-04T21:25:13.704336
SENSOR_2,21.86,2026-05-04T21:25:43.704336
SENSOR_5,99.87,2026-05-04T21:26:13.704336
SENSOR_9,83.91,2026-05-04T21:26:43.704336
SENSOR_5,82.22,2026-05-04T21:27:13.704336
SENSOR_5,43.86,2026-05-04T21:27:43.704336
SENSOR_6,59.31,2026-05-04T21:28:13.704336
SENSOR_2,54.06,2026-05-04T21:28:43.704336
SENSOR_6,49.64,2026-05-04T21:29:13.704336
SENSOR_1,35.35,2026-05-04T21:29:43.704336
SENSOR_9,36.2,2026-05-04T21:30:13.704336
SENSOR_8,91.89,2026-05-04T21:30:43.704336
SENSOR_2,76.9,2026-05-04T21:31:13.704336
SENSOR_1,78.08,2026-05-04T21:31:43.704336
SENSOR_3,43.58,2026-05-04T21:32:13.704336
SENSOR_1,91.54,2026-05-04T21:32:43.704336
SENSOR_7,28.47,2026-05-04T21:33:13.704336
SENSOR_7,97.4,2026-05-04T21:33:43.704336
SENSOR_9,54.82,2026-05-04T21:34:13.704336
SENSOR_1,67.52,2026-05-04T21:34:43.704336
SENSOR_9,90.09,2026-05-04T21:35:13.704336
SENSOR_5,97.62,2026-05-04T21:35:43.704336
SENSOR_1,77.88,2026-05-04T21:36:13.704336
SENSOR_7,68.54,2026-05-04T21:36:43.704336
SENSOR_1,32.56,2026-05-04T21:37:13.704336
SENSOR_3,50.18,2026-05-04T21:37:43.704336
SENSOR_6,40.99,2026-05-04T21:38:13.704336
SENSOR_2,93.87,2026-05-04T21:38:43.704336
SENSOR_9,33.63,2026-05-04T21:39:13.704336
SENSOR_10,45.03,2026-05-04T21:39:43.704336
SENSOR_5,58.85,2026-05-04T21:40:13.704336
SENSOR_8,81.64,2026-05-04T21:40:43.704336
SENSOR_6,76.91,2026-05-04T21:41:13.704336
SENSOR_10,29.64,2026-05-04T21:41:43.704336
SENSOR_4,66.61,2026-05-04T21:42:13.704336
SENSOR_3,57.3,2026-05-04T21:42:43.704336
SENSOR_9,83.7,2026-05-04T21:43:13.704336
SENSOR_4,74.96,2026-05-04T21:43:43.704336
SENSOR_4,49.07,2026-05-04T21:44:13.704336
SENSOR_6,59.62,2026-05-04T21:44:43.704336
SENSOR_4,57.48,2026-05-04T21:45:13.704336
SENSOR_10,95.5,2026-05-04T21:45:43.704336
SENSOR_4,92.13,2026-05-04T21:46:13.704336
SENSOR_9,32.3,2026-05-04T21:46:43.704336
SENSOR_9,35.81,2026-05-04T21:47:13.704336
SENSOR_3,56.2,2026-05-04T21:47:43.704336
SENSOR_1,76.92,2026-05-04T21:48:13.704336
SENSOR_9,78.62,2026-05-04T21:48:43.704336
SENSOR_3,88.02,2026-05-04T21:49:13.704336
SENSOR_10,40.28,2026-05-04T21:49:43.704336
SENSOR_10,80.21,2026-05-04T21:50:13.704336
SENSOR_8,69.31,2026-05-04T21:50:43.704336
SENSOR_4,30.58,2026-05-04T21:51:13.704336
SENSOR_2,59.0,2026-05-04T21:51:43.704336
SENSOR_6,39.78,2026-05-04T21:52:13.704336
SENSOR_2,70.36,2026-05-04T21:52:43.704336
SENSOR_7,69.35,2026-05-04T21:53:13.704336
SENSOR_8,70.82,2026-05-04T21:53:43.704336
SENSOR_5,59.97,2026-05-04T21:54:13.704336
SENSOR_4,59.66,2026-05-04T21:54:43.704336
SENSOR_10,88.2,2026-05-04T21:55:13.704336
SENSOR_5,71.78,2026-05-04T21:55:43.704336
SENSOR_6,72.85,2026-05-04T21:56:13.704336
SENSOR_4,31.32,2026-05-04T21:56:43.704336
SENSOR_8,78.76,2026-05-04T21:57:13.704336
SENSOR_9,95.31,2026-05-04T21:57:43.704336
SENSOR_5,27.12,2026-05-04T21:58:13.704336
SENSOR_1,22.78,2026-05-04T21:58:43.704336
SENSOR_9,64.74,2026-05-04T21:59:13.704336
SENSOR_3,59.51,2026-05-04T21:59:43.704336
SENSOR_7,83.62,2026-05-04T22:00:13.704336
SENSOR_2,39.09,2026-05-04T22:00:43.704336
SENSOR_7,63.3,2026-05-04T22:01:13.704336
SENSOR_2,89.96,2026-05-04T22:01:43.704336
SENSOR_7,30.32,2026-05-04T22:02:13.704336
SENSOR_4,47.16,2026-05-04T22:02:43.704336
SENSOR_7,31.44,2026-05-04T22:03:13.704336
SENSOR_5,69.29,2026-05-04T22:03:43.704336
SENSOR_9,71.34,2026-05-04T22:04:13.704336
SENSOR_2,30.19,2026-05-04T22:04:43.704336
SENSOR_9,47.96,2026-05-04T22:05:13.704336
SENSOR_7,98.88,2026-05-04T22:05:43.704336
SENSOR_3,94.64,2026-05-04T22:06:13.704336
SENSOR_10,81.76,2026-05-04T22:06:43.704336
SENSOR_1,21.9,2026-05-04T22:07:13.704336
SENSOR_3,77.13,2026-05-04T22:07:43.704336
SENSOR_9,94.64,2026-05-04T22:08:13.704336
SENSOR_9,24.15,2026-05-04T22:08:43.704336
SENSOR_3,85.59,2026-05-04T22:09:13.704336
SENSOR_10,64.8,2026-05-04T22:09:43.704336
SENSOR_2,20.98,2026-05-04T22:10:13.704336
SENSOR_9,83.89,2026-05-04T22:10:43.704336
SENSOR_5,26.3,2026-05-04T22:11:13.704336
SENSOR_3,40.87,2026-05-04T22:11:43.704336
SENSOR_6,87.22,2026-05-04T22:12:13.704336
SENSOR_9,59.22,2026-05-04T22:12:43.704336
SENSOR_10,91.65,2026-05-04T22:13:13.704336
SENSOR_4,77.6,2026-05-04T22:13:43.704336
SENSOR_10,79.21,2026-05-04T22:14:13.704336
SENSOR_3,68.97,2026-05-04T22:14:43.704336
SENSOR_2,22.64,2026-05-04T22:15:13.704336
SENSOR_3,45.05,2026-05-04T22:15:43.704336
SENSOR_2,82.81,2026-05-04T22:16:13.704336
SENSOR_3,92.3,2026-05-04T22:16:43.704336
SENSOR_2,51.76,2026-05-04T22:17:13.704336
SENSOR_3,23.96,2026-05-04T22:17:43.704336
SENSOR_2,37.4,2026-05-04T22:18:13.704336
SENSOR_9,77.57,2026-05-04T22:18:43.704336
SENSOR_4,57.84,2026-05-04T22:19:13.704336
SENSOR_1,41.53,2026-05-04T22:19:43.704336
SENSOR_6,27.24,2026-05-04T22:20:13.704336
SENSOR_5,49.52,2026-05-04T22:20:43.704336
SENSOR_6,20.62,2026-05-04T22:21:13.704336
SENSOR_10,85.93,2026-05-04T22:21:43.704336
SENSOR_5,62.41,2026-05-04T22:22:13.704336
SENSOR_1,88.75,2026-05-04T22:22:43.704336
SENSOR_8,59.0,2026-05-04T22:23:13.704336
SENSOR_10,62.82,2026-05-04T22:23:43.704336
SENSOR_9,55.17,2026-05-04T22:24:13.704336
SENSOR_4,75.35,2026-05-04T22:24:43.704336
SENSOR_3,47.63,2026-05-04T22:25:13.704336
SENSOR_4,33.52,2026-05-04T22:25:43.704336
SENSOR_7,76.19,2026-05-04T22:26:13.704336
SENSOR_2,73.8,2026-05-04T22:26:43.704336
SENSOR_2,60.47,2026-05-04T22:27:13.704336
SENSOR_1,87.08,2026-05-04T22:27:43.704336
SENSOR_1,82.1,2026-05-04T22:28:13.704336
SENSOR_3,86.33,2026-05-04T22:28:43.704336
SENSOR_1,31.56,2026-05-04T22:29:13.704336
SENSOR_8,93.46,2026-05-04T22:29:43.704336
SENSOR_9,71.99,2026-05-04T22:30:13.704336
SENSOR_3,21.49,2026-05-04T22:30:43.704336
SENSOR_4,90.18,2026-05-04T22:31:13.704336
SENSOR_6,94.23,2026-05-04T22:31:43.704336
SENSOR_9,87.56,2026-05-04T22:32:13.704336
SENSOR_9,37.76,2026-05-04T22:32:43.704336
SENSOR_5,85.04,2026-05-04T22:33:13.704336
SENSOR_5,20.62,2026-05-04T22:33:43.704336
SENSOR_8,42.57,2026-05-04T22:34:13.704336
SENSOR_2,41.61,2026-05-04T22:34:43.704336
SENSOR_7,82.93,2026-05-04T22:35:13.704336
SENSOR_8,42.85,2026-05-04T22:35:43.704336
SENSOR_10,68.52,2026-05-04T22:36:13.704336
SENSOR_3,99.41,2026-05-04T22:36:43.704336
SENSOR_5,24.34,2026-05-04T22:37:13.704336
SENSOR_6,49.45,2026-05-04T22:37:43.704336
SENSOR_6,43.52,2026-05-04T22:38:13.704336
SENSOR_8,23.38,2026-05-04T22:38:43.704336
SENSOR_3,89.47,2026-05-04T22:39:13.704336
SENSOR_7,31.36,2026-05-04T22:39:43.704336
SENSOR_3,36.88,2026-05-04T22:40:13.704336
SENSOR_8,90.3,2026-05-04T22:40:43.704336
SENSOR_3,53.15,2026-05-04T22:41:13.704336
SENSOR_5,50.1,2026-05-04T22:41:43.704336
SENSOR_8,71.9,2026-05-04T22:42:13.704336
SENSOR_3,73.22,2026-05-04T22:42:43.704336
SENSOR_1,56.15,2026-05-04T22:43:13.704336
SENSOR_7,35.0,2026-05-04T22:43:43.704336
SENSOR_2,43.97,2026-05-04T22:44:13.704336
SENSOR_5,68.36,2026-05-04T22:44:43.704336
SENSOR_2,33.73,2026-05-04T22:45:13.704336
SENSOR_6,74.41,2026-05-04T22:45:43.704336
SENSOR_9,32.26,2026-05-04T22:46:13.704336
SENSOR_9,42.11,2026-05-04T22:46:43.704336
SENSOR_8,83.17,2026-05-04T22:47:13.704336
SENSOR_6,90.1,2026-05-04T22:47:43.704336
SENSOR_6,37.0,2026-05-04T22:48:13.704336
SENSOR_3,68.79,2026-05-04T22:48:43.704336
SENSOR_3,55.89,2026-05-04T22:49:13.704336
SENSOR_8,97.96,2026-05-04T22:49:43.704336
SENSOR_7,33.0,2026-05-04T22:50:13.704336
SENSOR_5,33.24,2026-05-04T22:50:43.704336
SENSOR_1,73.13,2026-05-04T22:51:13.704336
SENSOR_5,81.27,2026-05-04T22:51:43.704336
SENSOR_8,69.03,2026-05-04T22:52:13.704336
SENSOR_10,45.35,2026-05-04T22:52:43.704336
SENSOR_7,58.32,2026-05-04T22:53:13.704336
SENSOR_4,53.63,2026-05-04T22:53:43.704336
SENSOR_2,35.85,2026-05-04T22:54:13.704336
SENSOR_5,98.66,2026-05-04T22:54:43.704336
SENSOR_3,89.43,2026-05-04T22:55:13.704336
SENSOR_9,40.03,2026-05-04T22:55:43.704336
SENSOR_9,33.94,2026-05-04T22:56:13.704336
SENSOR_10,93.41,2026-05-04T22:56:43.704336
SENSOR_5,69.0,2026-05-04T22:57:13.704336
SENSOR_3,31.8,2026-05-04T22:57:43.704336
SENSOR_1,58.61,2026-05-04T22:58:13.704336
SENSOR_3,97.39,2026-05-04T22:58:43.704336
SENSOR_10,68.87,2026-05-04T22:59:13.704336
SENSOR_5,36.56,2026-05-04T22:59:43.704336
SENSOR_10,90.92,2026-05-04T23:00:13.704336
SENSOR_4,79.94,2026-05-04T23:00:43.704336
SENSOR_10,94.41,2026-05-04T23:01:13.704336
SENSOR_2,50.01,2026-05-04T23:01:43.704336
SENSOR_2,71.71,2026-05-04T23:02:13.704336
SENSOR_8,68.81,2026-05-04T23:02:43.704336
SENSOR_7,92.38,2026-05-04T23:03:13.704336
SENSOR_4,23.37,2026-05-04T23:03:43.704336
SENSOR_1,32.39,2026-05-04T23:04:13.704336
SENSOR_10,24.24,2026-05-04T23:04:43.704336
SENSOR_3,66.05,2026-05-04T23:05:13.704336
SENSOR_9,46.27,2026-05-04T23:05:43.704336
SENSOR_3,55.95,2026-05-04T23:06:13.704336
SENSOR_4,41.61,2026-05-04T23:06:43.704336
SENSOR_2,34.04,2026-05-04T23:07:13.704336
SENSOR_1,76.41,2026-05-04T23:07:43.704336
SENSOR_8,66.96,2026-05-04T23:08:13.704336
SENSOR_2,87.35,2026-05-04T23:08:43.704336
SENSOR_7,76.8,2026-05-04T23:09:13.704336
SENSOR_9,60.24,2026-05-04T23:09:43.704336
SENSOR_8,83.49,2026-05-04T23:10:13.704336
SENSOR_2,32.1,2026-05-04T23:10:43.704336
SENSOR_7,53.46,2026-05-04T23:11:13.704336
SENSOR_6,85.81,2026-05-04T23:11:43.704336
SENSOR_7,65.58,2026-05-04T23:12:13.704336
SENSOR_10,57.44,2026-05-04T23:12:43.704336
SENSOR_10,42.33,2026-05-04T23:13:13.704336
SENSOR_1,85.7,2026-05-04T23:13:43.704336
SENSOR_2,76.97,2026-05-04T23:14:13.704336
SENSOR_9,99.24,2026-05-04T23:14:43.704336
SENSOR_7,41.13,2026-05-04T23:15:13.704336
SENSOR_3,75.51,2026-05-04T23:15:43.704336
SENSOR_4,39.07,2026-05-04T23:16:13.704336
SENSOR_6,59.71,2026-05-04T23:16:43.704336
SENSOR_8,33.56,2026-05-04T23:17:13.704336
SENSOR_5,27.98,2026-05-04T23:17:43.704336
SENSOR_5,84.74,2026-05-04T23:18:13.704336
SENSOR_9,27.64,2026-05-04T23:18:43.704336
SENSOR_4,71.68,2026-05-04T23:19:13.704336
SENSOR_1,68.91,2026-05-04T23:19:43.704336
SENSOR_10,24.65,2026-05-04T23:20:13.704336
SENSOR_7,61.8,2026-05-04T23:20:43.704336
SENSOR_6,43.56,2026-05-04T23:21:13.704336
SENSOR_3,97.12,2026-05-04T23:21:43.704336
SENSOR_9,62.94,2026-05-04T23:22:13.704336
SENSOR_4,52.92,2026-05-04T23:22:43.704336
SENSOR_5,71.32,2026-05-04T23:23:13.704336
SENSOR_3,27.28,2026-05-04T23:23:43.704336
SENSOR_7,88.55,2026-05-04T23:24:13.704336
SENSOR_4,81.52,2026-05-04T23:24:43.704336
SENSOR_5,94.94,2026-05-04T23:25:13.704336
SENSOR_10,60.43,2026-05-04T23:25:43.704336
SENSOR_10,47.13,2026-05-04T23:26:13.704336
SENSOR_10,40.56,2026-05-04T23:26:43.704336
SENSOR_8,36.29,2026-05-04T23:27:13.704336
SENSOR_3,38.08,2026-05-04T23:27:43.704336
SENSOR_10,80.33,2026-05-04T23:28:13.704336
SENSOR_3,65.9,2026-05-04T23:28:43.704336
SENSOR_9,50.38,2026-05-04T23:29:13.704336
SENSOR_10,61.48,2026-05-04T23:29:43.704336
SENSOR_8,99.13,2026-05-04T23:30:13.704336
SENSOR_7,20.34,2026-05-04T23:30:43.704336
SENSOR_4,60.99,2026-05-04T23:31:13.704336
SENSOR_7,61.78,2026-05-04T23:31:43.704336
SENSOR_1,90.43,2026-05-04T23:32:13.704336
SENSOR_6,21.78,2026-05-04T23:32:43.704336
SENSOR_7,50.55,2026-05-04T23:33:13.704336
SENSOR_9,28.22,2026-05-04T23:33:43.704336
SENSOR_10,99.22,2026-05-04T23:34:13.704336
SENSOR_5,60.16,2026-05-04T23:34:43.704336
SENSOR_10,70.2,2026-05-04T23:35:13.704336
SENSOR_9,96.71,2026-05-04T23:35:43.704336
SENSOR_6,51.23,2026-05-04T23:36:13.704336
SENSOR_2,76.31,2026-05-04T23:36:43.704336
SENSOR_4,80.38,2026-05-04T23:37:13.704336
SENSOR_5,26.74,2026-05-04T23:37:43.704336
SENSOR_7,37.42,2026-05-04T23:38:13.704336
SENSOR_3,72.5,2026-05-04T23:38:43.704336
SENSOR_6,30.01,2026-05-04T23:39:13.704336
SENSOR_4,36.63,2026-05-04T23:39:43.704336
SENSOR_10,68.87,2026-05-04T23:40:13.704336
SENSOR_3,96.31,2026-05-04T23:40:43.704336
SENSOR_5,65.08,2026-05-04T23:41:13.704336
SENSOR_4,45.54,2026-05-04T23:41:43.704336
SENSOR_3,60.82,2026-05-04T23:42:13.704336
SENSOR_3,47.82,2026-05-04T23:42:43.704336
SENSOR_6,51.06,2026-05-04T23:43:13.704336
SENSOR_3,51.32,2026-05-04T23:43:43.704336
SENSOR_2,28.48,2026-05-04T23:44:13.704336
SENSOR_10,87.77,2026-05-04T23:44:43.704336
SENSOR_3,53.09,2026-05-04T23:45:13.704336
SENSOR_1,66.6,2026-05-04T23:45:43.704336
SENSOR_3,67.02,2026-05-04T23:46:13.704336
SENSOR_4,62.65,2026-05-04T23:46:43.704336
SENSOR_4,91.7,2026-05-04T23:47:13.704336
SENSOR_7,93.59,2026-05-04T23:47:43.704336
SENSOR_5,91.99,2026-05-04T23:48:13.704336
SENSOR_5,63.18,2026-05-04T23:48:43.704336
SENSOR_9,69.07,2026-05-04T23:49:13.704336
SENSOR_5,42.58,2026-05-04T23:49:43.704336
SENSOR_6,67.82,2026-05-04T23:50:13.704336
SENSOR_2,39.86,2026-05-04T23:50:43.704336
SENSOR_6,35.56,2026-05-04T23:51:13.704336
SENSOR_9,46.22,2026-05-04T23:51:43.704336
SENSOR_3,92.33,2026-05-04T23:52:13.704336
SENSOR_7,70.28,2026-05-04T23:52:43.704336
SENSOR_3,97.59,2026-05-04T23:53:13.704336
SENSOR_6,61.09,2026-05-04T23:53:43.704336
SENSOR_1,68.65,2026-05-04T23:54:13.704336
SENSOR_10,21.27,2026-05-04T23:54:43.704336
SENSOR_1,28.22,2026-05-04T23:55:13.704336
SENSOR_1,93.13,2026-05-04T23:55:43.704336
SENSOR_5,67.47,2026-05-04T23:56:13.704336
SENSOR_9,66.08,2026-05-04T23:56:43.704336
SENSOR_4,23.21,2026-05-04T23:57:13.704336
SENSOR_3,74.88,2026-05-04T23:57:43.704336
SENSOR_3,78.69,2026-05-04T23:58:13.704336
SENSOR_3,47.57,2026-05-04T23:58:43.704336
SENSOR_6,34.28,2026-05-04T23:59:13.704336
SENSOR_3,91.01,2026-05-04T23:59:43.704336
SENSOR_5,85.39,2026-05-05T00:00:13.704336
SENSOR_4,55.41,2026-05-05T00:00:43.704336
SENSOR_9,96.43,2026-05-05T00:01:13.704336
SENSOR_6,23.67,2026-05-05T00:01:43.704336
SENSOR_6,57.88,2026-05-05T00:02:13.704336
SENSOR_5,94.19,2026-05-05T00:02:43.704336
SENSOR_2,31.52,2026-05-05T00:03:13.704336
SENSOR_4,20.66,2026-05-05T00:03:43.704336
SENSOR_1,44.52,2026-05-05T00:04:13.704336
SENSOR_8,87.26,2026-05-05T00:04:43.704336
SENSOR_5,37.9,2026-05-05T00:05:13.704336
SENSOR_2,45.93,2026-05-05T00:05:43.704336
SENSOR_3,94.32,2026-05-05T00:06:13.704336
SENSOR_1,60.68,2026-05-05T00:06:43.704336
SENSOR_7,59.49,2026-05-05T00:07:13.704336
SENSOR_5,34.76,2026-05-05T00:07:43.704336
SENSOR_2,56.16,2026-05-05T00:08:13.704336
SENSOR_7,56.72,2026-05-05T00:08:43.704336
SENSOR_2,99.44,2026-05-05T00:09:13.704336
SENSOR_1,39.7,2026-05-05T00:09:43.704336
SENSOR_4,49.26,2026-05-05T00:10:13.704336
SENSOR_7,25.73,2026-05-05T00:10:43.704336
SENSOR_4,58.57,2026-05-05T00:11:13.704336
SENSOR_9,21.83,2026-05-05T00:11:43.704336
SENSOR_5,21.2,2026-05-05T00:12:13.704336
SENSOR_8,80.37,2026-05-05T00:12:43.704336
SENSOR_3,54.96,2026-05-05T00:13:13.704336
SENSOR_1,69.0,2026-05-05T00:13:43.704336
SENSOR_3,62.75,2026-05-05T00:14:13.704336
SENSOR_5,30.68,2026-05-05T00:14:43.704336
SENSOR_10,98.65,2026-05-05T00:15:13.704336
SENSOR_8,66.92,2026-05-05T00:15:43.704336
SENSOR_8,38.78,2026-05-05T00:16:13.704336
SENSOR_4,28.15,2026-05-05T00:16:43.704336
SENSOR_1,45.1,2026-05-05T00:17:13.704336
SENSOR_4,32.84,2026-05-05T00:17:43.704336
SENSOR_3,28.24,2026-05-05T00:18:13.704336
SENSOR_1,25.05,2026-05-05T00:18:43.704336
SENSOR_10,23.51,2026-05-05T00:19:13.704336
SENSOR_9,29.12,2026-05-05T00:19:43.704336
SENSOR_6,87.09,2026-05-05T00:20:13.704336
SENSOR_2,85.37,2026-05-05T00:20:43.704336
SENSOR_3,84.94,2026-05-05T00:21:13.704336
SENSOR_10,97.24,2026-05-05T00:21:43.704336
SENSOR_1,89.92,2026-05-05T00:22:13.704336
SENSOR_7,80.41,2026-05-05T00:22:43.704336
SENSOR_4,38.77,2026-05-05T00:23:13.704336
SENSOR_6,23.47,2026-05-05T00:23:43.704336
SENSOR_6,66.15,2026-05-05T00:24:13.704336
SENSOR_2,29.99,2026-05-05T00:24:43.704336
SENSOR_4,65.42,2026-05-05T00:25:13.704336
SENSOR_6,74.58,2026-05-05T00:25:43.704336
SENSOR_3,38.91,2026-05-05T00:26:13.704336
SENSOR_4,69.59,2026-05-05T00:26:43.704336
SENSOR_1,38.37,2026-05-05T00:27:13.704336
SENSOR_4,56.63,2026-05-05T00:27:43.704336
SENSOR_5,74.7,2026-05-05T00:28:13.704336
SENSOR_2,39.2,2026-05-05T00:28:43.704336
SENSOR_2,38.34,2026-05-05T00:29:13.704336
SENSOR_9,96.74,2026-05-05T00:29:43.704336
SENSOR_9,41.15,2026-05-05T00:30:13.704336
SENSOR_9,59.22,2026-05-05T00:30:43.704336
SENSOR_8,20.16,2026-05-05T00:31:13.704336
SENSOR_7,20.53,2026-05-05T00:31:43.704336
SENSOR_7,65.98,2026-05-05T00:32:13.704336
SENSOR_9,91.74,2026-05-05T00:32:43.704336
SENSOR_4,47.35,2026-05-05T00:33:13.704336
SENSOR_1,25.8,2026-05-05T00:33:43.704336
SENSOR_3,73.12,2026-05-05T00:34:13.704336
SENSOR_8,57.97,2026-05-05T00:34:43.704336
SENSOR_10,92.09,2026-05-05T00:35:13.704336
SENSOR_3,85.89,2026-05-05T00:35:43.704336
SENSOR_7,71.16,2026-05-05T00:36:13.704336
SENSOR_5,41.11,2026-05-05T00:36:43.704336
SENSOR_1,90.56,2026-05-05T00:37:13.704336
SENSOR_2,43.9,2026-05-05T00:37:43.704336
SENSOR_9,36.33,2026-05-05T00:38:13.704336
SENSOR_4,35.53,2026-05-05T00:38:43.704336
SENSOR_9,61.48,2026-05-05T00:39:13.704336
SENSOR_7,48.55,2026-05-05T00:39:43.704336
SENSOR_8,89.15,2026-05-05T00:40:13.704336
SENSOR_7,58.45,2026-05-05T00:40:43.704336
SENSOR_6,32.53,2026-05-05T00:41:13.704336
SENSOR_4,57.42,2026-05-05T00:41:43.704336
SENSOR_7,71.37,2026-05-05T00:42:13.704336
SENSOR_5,71.4,2026-05-05T00:42:43.704336
SENSOR_1,21.56,2026-05-05T00:43:13.704336
SENSOR_2,41.45,2026-05-05T00:43:43.704336
SENSOR_4,86.12,2026-05-05T00:44:13.704336
SENSOR_3,81.74,2026-05-05T00:44:43.704336
SENSOR_2,63.35,2026-05-05T00:45:13.704336
SENSOR_2,38.54,2026-05-05T00:45:43.704336
SENSOR_6,64.35,2026-05-05T00:46:13.704336
SENSOR_2,53.0,2026-05-05T00:46:43.704336
SENSOR_1,56.68,2026-05-05T00:47:13.704336
SENSOR_3,99.15,2026-05-05T00:47:43.704336
SENSOR_5,63.94,2026-05-05T00:48:13.704336
SENSOR_8,27.28,2026-05-05T00:48:43.704336
SENSOR_9,83.23,2026-05-05T00:49:13.704336
SENSOR_4,30.37,2026-05-05T00:49:43.704336
SENSOR_8,44.76,2026-05-05T00:50:13.704336
SENSOR_2,96.5,2026-05-05T00:50:43.704336
SENSOR_6,59.49,2026-05-05T00:51:13.704336
SENSOR_9,63.01,2026-05-05T00:51:43.704336
SENSOR_9,87.78,2026-05-05T00:52:13.704336
SENSOR_10,73.17,2026-05-05T00:52:43.704336
SENSOR_3,59.34,2026-05-05T00:53:13.704336
SENSOR_5,79.81,2026-05-05T00:53:43.704336
SENSOR_3,41.17,2026-05-05T00:54:13.704336
SENSOR_6,31.23,2026-05-05T00:54:43.704336
SENSOR_5,81.66,2026-05-05T00:55:13.704336
SENSOR_4,54.26,2026-05-05T00:55:43.704336
SENSOR_4,50.89,2026-05-05T00:56:13.704336
SENSOR_7,76.75,2026-05-05T00:56:43.704336
SENSOR_5,97.52,2026-05-05T00:57:13.704336
SENSOR_1,37.99,2026-05-05T00:57:43.704336
SENSOR_4,37.28,2026-05-05T00:58:13.704336
SENSOR_6,61.14,2026-05-05T00:58:43.704336
SENSOR_2,57.09,2026-05-05T00:59:13.704336
SENSOR_10,92.23,2026-05-05T00:59:43.704336
SENSOR_8,79.62,2026-05-05T01:00:13.704336
SENSOR_7,49.15,2026-05-05T01:00:43.704336
SENSOR_7,40.55,2026-05-05T01:01:13.704336
SENSOR_1,38.77,2026-05-05T01:01:43.704336
SENSOR_6,85.39,2026-05-05T01:02:13.704336
SENSOR_4,97.51,2026-05-05T01:02:43.704336
SENSOR_5,93.6,2026-05-05T01:03:13.704336
SENSOR_5,53.96,2026-05-05T01:03:43.704336
SENSOR_7,50.47,2026-05-05T01:04:13.704336
SENSOR_4,25.18,2026-05-05T01:04:43.704336
SENSOR_4,49.73,2026-05-05T01:05:13.704336
SENSOR_8,81.4,2026-05-05T01:05:43.704336
SENSOR_6,25.75,2026-05-05T01:06:13.704336
SENSOR_6,61.4,2026-05-05T01:06:43.704336
SENSOR_1,48.84,2026-05-05T01:07:13.704336
SENSOR_7,20.87,2026-05-05T01:07:43.704336
SENSOR_4,79.55,2026-05-05T01:08:13.704336
SENSOR_5,70.74,2026-05-05T01:08:43.704336
SENSOR_7,82.95,2026-05-05T01:09:13.704336
SENSOR_2,92.25,2026-05-05T01:09:43.704336
SENSOR_5,86.51,2026-05-05T01:10:13.704336
SENSOR_1,37.93,2026-05-05T01:10:43.704336
SENSOR_9,59.31,2026-05-05T01:11:13.704336
SENSOR_2,26.93,2026-05-05T01:11:43.704336
SENSOR_5,99.57,2026-05-05T01:12:13.704336
SENSOR_4,98.18,2026-05-05T01:12:43.704336
SENSOR_4,36.21,2026-05-05T01:13:13.704336
SENSOR_4,87.36,2026-05-05T01:13:43.704336
SENSOR_5,58.02,2026-05-05T01:14:13.704336
SENSOR_10,60.69,2026-05-05T01:14:43.704336
SENSOR_1,63.37,2026-05-05T01:15:13.704336
SENSOR_4,84.39,2026-05-05T01:15:43.704336
SENSOR_9,56.31,2026-05-05T01:16:13.704336
SENSOR_3,91.25,2026-05-05T01:16:43.704336
SENSOR_1,55.66,2026-05-05T01:17:13.704336
SENSOR_7,87.0,2026-05-05T01:17:43.704336
SENSOR_6,79.71,2026-05-05T01:18:13.704336
SENSOR_4,36.88,2026-05-05T01:18:43.704336
SENSOR_7,28.44,2026-05-05T01:19:13.704336
SENSOR_2,91.7,2026-05-05T01:19:43.704336
SENSOR_6,25.44,2026-05-05T01:20:13.704336
SENSOR_6,23.17,2026-05-05T01:20:43.704336
SENSOR_9,94.88,2026-05-05T01:21:13.704336
SENSOR_6,42.59,2026-05-05T01:21:43.704336
SENSOR_3,81.13,2026-05-05T01:22:13.704336
SENSOR_4,82.89,2026-05-05T01:22:43.704336
SENSOR_3,37.97,2026-05-05T01:23:13.704336
SENSOR_1,89.36,2026-05-05T01:23:43.704336
SENSOR_9,22.49,2026-05-05T01:24:13.704336
SENSOR_10,55.92,2026-05-05T01:24:43.704336
SENSOR_2,85.88,2026-05-05T01:25:13.704336
SENSOR_9,86.24,2026-05-05T01:25:43.704336
SENSOR_7,33.4,2026-05-05T01:26:13.704336
SENSOR_2,89.15,2026-05-05T01:26:43.704336
SENSOR_1,70.04,2026-05-05T01:27:13.704336
SENSOR_8,35.95,2026-05-05T01:27:43.704336
SENSOR_3,93.84,2026-05-05T01:28:13.704336
SENSOR_8,25.6,2026-05-05T01:28:43.704336
SENSOR_3,80.79,2026-05-05T01:29:13.704336
SENSOR_1,67.43,2026-05-05T01:29:43.704336
SENSOR_6,84.77,2026-05-05T01:30:13.704336
SENSOR_10,58.77,2026-05-05T01:30:43.704336
SENSOR_1,56.59,2026-05-05T01:31:13.704336
SENSOR_1,72.1,2026-05-05T01:31:43.704336
SENSOR_7,76.81,2026-05-05T01:32:13.704336
SENSOR_4,93.97,2026-05-05T01:32:43.704336
SENSOR_4,33.4,2026-05-05T01:33:13.704336
SENSOR_2,47.16,2026-05-05T01:33:43.704336
SENSOR_7,53.21,2026-05-05T01:34:13.704336
SENSOR_10,21.57,2026-05-05T01:34:43.704336
SENSOR_5,61.85,2026-05-05T01:35:13.704336
SENSOR_3,55.36,2026-05-05T01:35:43.704336
SENSOR_1,47.06,2026-05-05T01:36:13.704336
SENSOR_6,56.31,2026-05-05T01:36:43.704336
SENSOR_4,37.74,2026-05-05T01:37:13.704336
SENSOR_6,96.02,2026-05-05T01:37:43.704336
SENSOR_10,64.93,2026-05-05T01:38:13.704336
SENSOR_10,80.8,2026-05-05T01:38:43.704336
SENSOR_2,70.06,2026-05-05T01:39:13.704336
SENSOR_1,51.53,2026-05-05T01:39:43.704336
SENSOR_8,46.59,2026-05-05T01:40:13.704336
SENSOR_4,67.16,2026-05-05T01:40:43.704336
SENSOR_3,66.96,2026-05-05T01:41:13.704336
SENSOR_1,25.94,2026-05-05T01:41:43.704336
SENSOR_7,71.45,2026-05-05T01:42:13.704336
SENSOR_3,39.36,2026-05-05T01:42:43.704336
SENSOR_10,37.48,2026-05-05T01:43:13.704336
SENSOR_7,63.53,2026-05-05T01:43:43.704336
SENSOR_6,39.78,2026-05-05T01:44:13.704336
SENSOR_7,59.28,2026-05-05T01:44:43.704336
SENSOR_2,70.17,2026-05-05T01:45:13.704336
SENSOR_10,23.47,2026-05-05T01:45:43.704336
SENSOR_3,40.1,2026-05-05T01:46:13.704336
SENSOR_8,68.94,2026-05-05T01:46:43.704336
SENSOR_6,77.24,2026-05-05T01:47:13.704336
SENSOR_8,39.16,2026-05-05T01:47:43.704336
SENSOR_10,35.65,2026-05-05T01:48:13.704336
SENSOR_10,72.16,2026-05-05T01:48:43.704336
SENSOR_5,47.6,2026-05-05T01:49:13.704336
SENSOR_9,92.97,2026-05-05T01:49:43.704336
SENSOR_3,47.11,2026-05-05T01:50:13.704336
SENSOR_3,82.5,2026-05-05T01:50:43.704336
SENSOR_7,68.9,2026-05-05T01:51:13.704336
SENSOR_8,28.39,2026-05-05T01:51:43.704336
SENSOR_8,56.08,2026-05-05T01:52:13.704336
SENSOR_7,47.19,2026-05-05T01:52:43.704336
SENSOR_9,79.48,2026-05-05T01:53:13.704336
SENSOR_2,97.53,2026-05-05T01:53:43.704336
SENSOR_2,66.13,2026-05-05T01:54:13.704336
SENSOR_1,61.99,2026-05-05T01:54:43.704336
SENSOR_9,79.16,2026-05-05T01:55:13.704336
SENSOR_1,70.98,2026-05-05T01:55:43.704336
SENSOR_6,60.19,2026-05-05T01:56:13.704336
SENSOR_1,67.38,2026-05-05T01:56:43.704336
SENSOR_7,90.69,2026-05-05T01:57:13.704336
SENSOR_6,22.36,2026-05-05T01:57:43.704336
SENSOR_4,59.9,2026-05-05T01:58:13.704336
SENSOR_5,31.14,2026-05-05T01:58:43.704336
SENSOR_3,90.98,2026-05-05T01:59:13.704336
SENSOR_4,99.45,2026-05-05T01:59:43.704336
SENSOR_4,33.62,2026-05-05T02:00:13.704336
SENSOR_10,23.31,2026-05-05T02:00:43.704336
SENSOR_1,57.08,2026-05-05T02:01:13.704336
SENSOR_3,64.64,2026-05-05T02:01:43.704336
SENSOR_4,87.96,2026-05-05T02:02:13.704336
SENSOR_6,77.26,2026-05-05T02:02:43.704336
SENSOR_3,37.66,2026-05-05T02:03:13.704336
SENSOR_9,54.5,2026-05-05T02:03:43.704336
SENSOR_4,86.05,2026-05-05T02:04:13.704336
SENSOR_2,57.19,2026-05-05T02:04:43.704336
SENSOR_3,59.91,2026-05-05T02:05:13.704336
SENSOR_9,53.78,2026-05-05T02:05:43.704336
SENSOR_2,30.48,2026-05-05T02:06:13.704336
SENSOR_1,39.06,2026-05-05T02:06:43.704336
SENSOR_1,75.16,2026-05-05T02:07:13.704336
SENSOR_7,71.89,2026-05-05T02:07:43.704336
SENSOR_4,67.36,2026-05-05T02:08:13.704336
SENSOR_2,92.14,2026-05-05T02:08:43.704336
SENSOR_1,35.86,2026-05-05T02:09:13.704336
SENSOR_4,64.32,2026-05-05T02:09:43.704336
